<application>
  <component name="MaterialCustomThemeConfig">
    <option name="excludedColor" value="2e3c43ff" />
    <option name="accentColor" value="69819eff" />
    <option name="notificationsColor" value="323232ff" />
    <option name="treeSelectionColor" value="546e7a50" />
    <option name="highlightColor" value="425b67ff" />
    <option name="secondBorderColor" value="222222ff" />
    <option name="tableSelectedColor" value="314549ff" />
    <option name="contrastColor" value="1e272cff" />
    <option name="disabledColor" value="415967ff" />
    <option name="secondaryBackgroundColor" value="222222ff" />
    <option name="buttonColor" value="222222ff" />
    <option name="selectionForegroundColor" value="ffffffff" />
    <option name="selectionBackgroundColor" value="546e7aff" />
    <option name="textColor" value="676767ff" />
    <option name="foregroundColor" value="c2b790ff" />
    <option name="backgroundColor" value="222222ff" />
  </component>
</application>