<application>
  <component name="MaterialThemeConfig">
    <option name="compactMenus" value="true" />
    <option name="compactStatusBar" value="true" />
    <option name="compactTables" value="true" />
    <option name="compactDropdowns" value="true" />
    <option name="isCompactMenus" value="true" />
    <option name="isCompactStatusBar" value="true" />
    <option name="isCompactTables" value="true" />
    <option name="pristineConfig" value="false" />
    <option name="settingsSelectedTab" value="4" />
    <option name="tabsHeight" value="18" />
    <option name="accentColor" value="69819e" />
    <option name="selectedTheme" value="CUSTOM" />
    <option name="userId" value="-444f4ad:172a276d0d9:-8000" />
    <option name="version" value="5.2.0" />
  </component>
</application>